{
  "project_info": {
    "project_number": "192665968048",
    "firebase_url": "https://omdb-92f00.firebaseio.com",
    "project_id": "omdb-92f00",
    "storage_bucket": "omdb-92f00.appspot.com"
  },
  "client": [
    {
      "client_info": {
        "mobilesdk_app_id": "1:192665968048:android:7d0c357388896bddbe0a75",
        "android_client_info": {
          "package_name": "com.example.omdb"
        }
      },
      "oauth_client": [
        {
          "client_id": "192665968048-fvn7v9rim619rq7g424o1f2av9jvognl.apps.googleusercontent.com",
          "client_type": 3
        }
      ],
      "api_key": [
        {
          "current_key": "AIzaSyCljLMsMDzPw59Ph4AARQvburwXmiYDtA4"
        }
      ],
      "services": {
        "appinvite_service": {
          "other_platform_oauth_client": [
            {
              "client_id": "192665968048-fvn7v9rim619rq7g424o1f2av9jvognl.apps.googleusercontent.com",
              "client_type": 3
            }
          ]
        }
      }
    }
  ],
  "configuration_version": "1"
}